Возраст,Пол,Состоит.в.браке,Иждивенцы,Доход,Опыт.работы,Срок.проживания,Недвижимость,Месячный.платеж
37,1,1,2,26500,2.5,26,29,2716
29,1,0,1,9200,11.0,16,0,2460
25,0,0,1,13000,7.0,5,35,6458
30,0,0,0,7500,10.0,22,36,6970
38,0,1,0,12000,15.5,6,0,6355
22,1,1,0,11500,4.0,22,43,2152
49,1,1,1,18800,5.0,4,32,4818
39,0,1,0,8500,20.5,6,0,3143
34,0,1,1,17000,12.5,19,0,2187
25,0,0,2,9000,7.0,22,0,3075
28,1,0,1,5200,10.0,3,25,4920
35,0,1,0,8000,12.5,15,0,5330
36,1,1,2,8500,6.0,19,0,2870
24,0,0,0,6100,6.0,24,38,3280
32,0,0,1,18500,14.0,6,0,3417
35,0,1,2,9500,16.5,13,9,4818
28,0,0,0,10000,10.0,18,0,4100
34,0,0,0,8000,16.0,4,0,6662
23,0,0,3,18200,5.0,9,0,2972
35,1,0,0,13500,17.0,35,57,4510
24,1,1,2,16500,6.0,6,0,7072
35,0,0,1,8500,17.0,26,0,1982
34,0,1,1,11500,15.5,3,0,2716
39,1,0,2,15000,18.5,19,0,4305
35,0,0,0,9500,16.0,7,0,2118
30,0,1,0,23500,9.0,8,0,3382
29,1,1,1,2500,10.5,2,32,1777
28,0,0,0,8500,10.0,25,0,2733
36,0,0,0,29000,18.0,6,0,6765
31,0,1,2,15300,13.0,2,0,2768
33,1,0,2,16500,15.0,3,0,3895
25,0,0,2,12500,7.0,17,0,1948
36,0,1,2,6500,15.5,11,0,1691
37,1,1,1,15000,7.0,4,0,2870
24,0,1,1,9500,8.5,24,0,2255
22,0,0,0,13000,4.0,5,0,2306
34,0,0,1,10200,15.0,2,41,3280
33,0,1,1,9000,10.5,2,27,1913
27,0,0,1,10000,9.0,23,33,4920
24,0,1,0,11000,6.0,17,33,2460
27,0,1,1,12800,5.0,3,10,7482
34,1,1,0,8000,9.0,22,56,3348
33,0,0,0,32000,15.0,2,0,4373
40,1,0,1,10100,22.0,5,0,3485
37,0,1,0,12900,14.0,12,0,3895
24,0,1,0,14000,6.0,8,0,2802
35,0,1,1,5500,16.5,35,27,2358
36,1,1,0,32000,17.0,32,39,2562
38,0,1,1,8500,15.5,7,0,3895
34,0,0,0,33000,16.0,6,0,2972
34,1,1,2,27000,15.5,21,0,2152
36,1,1,1,9000,17.5,6,0,6252
28,0,1,0,13500,10.0,7,45,4100
25,0,0,0,5500,7.0,2,0,1742
31,0,0,2,7000,11.0,3,0,3126
31,1,1,1,15000,12.0,9,0,4612
53,0,0,0,14500,15.5,38,38,3998
33,0,1,1,14500,15.0,25,13,4100
30,1,1,2,9500,12.0,30,35,4612
50,0,1,1,12800,29.0,29,0,1845
31,1,1,0,12500,13.0,5,25,8098
35,0,1,1,9500,5.0,10,0,3075
29,0,1,2,6200,11.0,25,0,1691
37,1,1,1,7000,14.0,22,0,2323
29,1,1,1,38400,9.0,22,0,5603
29,0,1,1,29000,11.0,29,0,6765
42,0,1,4,10600,20.5,23,33,3075
38,0,1,1,10500,18.0,8,0,1845
34,0,0,2,19500,7.5,8,39,3485
27,1,1,2,12000,9.0,7,0,2768
32,0,0,0,6300,14.0,19,39,3212
32,1,1,1,12200,7.0,3,0,2665
31,0,1,0,9000,12.0,6,6,2460
38,1,1,1,10800,12.0,16,27,4647
30,0,1,1,33000,10.0,8,0,1948
23,1,0,0,14500,5.0,20,38,1486
32,0,0,0,10000,14.0,9,0,7175
22,0,1,0,10500,4.0,22,32,1896
55,0,0,0,15500,27.5,36,0,7482
35,0,1,1,22900,16.5,18,0,6662
37,1,0,2,24000,4.5,5,0,4408
35,0,0,0,9000,9.5,7,0,3382
32,0,0,3,11000,14.0,17,0,3827
37,0,0,1,5400,19.0,2,0,4032
55,1,1,2,30900,12.5,3,33,2306
33,0,1,1,4000,15.0,5,0,2204
35,0,1,2,12500,11.5,5,27,769
44,0,0,0,16400,19.5,12,13,4202
23,0,1,2,32000,5.0,7,0,3075
37,1,0,0,4800,19.0,13,0,2921
36,1,1,0,13600,15.5,2,0,3553
35,0,0,0,19800,17.0,26,31,1589
28,1,0,1,7500,10.0,17,0,3075
36,0,0,1,8500,14.0,2,63,4715
38,0,0,2,14500,5.0,10,31,3212
37,0,0,2,26500,15.5,31,30,820
24,0,0,3,27500,6.0,10,0,1230
33,0,0,2,12600,15.0,23,0,2050
30,0,0,1,10400,8.0,2,0,2204
34,1,0,2,27500,16.0,33,41,2460
40,0,0,2,9000,2.0,2,0,1845
23,1,1,2,5400,5.0,19,0,5193
54,1,0,1,5200,21.0,50,57,1640
30,1,0,0,5500,12.0,11,33,3553
32,0,1,1,15000,14.0,16,22,2733
29,0,1,2,11000,11.0,9,0,4510
32,0,0,0,11500,14.0,4,8,6355
22,0,1,0,15500,4.0,16,0,5740
35,0,1,1,11000,7.0,33,0,6765
35,0,1,1,31000,17.0,31,36,5022
28,0,1,2,3000,7.5,2,33,1708
36,1,1,1,4900,18.0,35,0,2050
34,1,1,0,14600,16.0,10,0,2152
24,0,1,0,14500,6.0,12,0,1948
34,1,0,1,4900,16.0,32,0,3758
24,0,1,0,9000,6.0,2,0,6048
40,0,0,2,33500,18.0,11,0,5125
36,1,1,2,14000,13.0,32,32,4510
40,1,1,3,31000,5.5,6,0,3690
46,0,1,3,10500,17.5,25,0,4202
39,1,0,1,13500,17.5,3,0,1538
32,0,1,1,30000,14.0,24,34,7175
35,0,1,0,11500,5.0,28,36,1589
48,0,0,2,24000,8.5,31,0,1384
42,0,0,0,10500,20.0,7,0,3485
35,1,1,1,15000,4.5,8,22,1538
31,1,1,1,9500,6.0,13,0,5228
29,0,0,2,17500,11.0,7,36,2152
27,1,1,1,8700,9.0,12,0,3690
40,0,1,1,14500,14.5,23,43,4305
32,0,1,1,14500,14.0,16,35,4612
39,0,1,0,7000,18.0,3,0,3639
22,1,0,0,6500,4.0,14,85,4100
28,1,1,0,9000,9.0,7,0,3946
35,0,1,1,8500,15.5,28,0,4408
36,0,0,2,12500,5.0,8,36,1845
28,0,0,4,7000,10.0,27,0,3178
24,0,1,2,22000,6.0,5,0,820
31,0,0,2,5500,3.5,3,0,2528
36,0,0,1,13800,12.0,3,0,2870
25,0,1,1,10500,7.0,23,0,5638
36,0,0,2,7800,15.5,3,0,4612
38,1,0,1,9500,15.5,38,29,2665
31,0,1,1,13000,13.0,21,37,4442
40,1,0,1,30000,19.5,39,36,4715
40,1,0,1,9000,16.5,23,32,5535
36,0,0,1,13000,11.0,8,0,5740
26,0,0,1,30300,8.0,17,0,3485
30,0,1,2,21000,12.0,5,33,4151
30,0,1,1,20700,12.0,6,0,8200
47,1,1,1,13000,20.0,3,0,3007
40,0,0,1,11000,18.0,40,30,3212
34,0,0,1,12000,6.5,5,0,3588
28,0,1,0,6000,10.0,3,0,4510
38,1,0,0,9000,14.0,12,40,5535
24,0,1,1,5900,6.0,22,0,2306
34,1,1,1,9000,4.5,3,0,4100
27,0,1,1,23000,9.0,10,0,1691
37,0,0,1,7900,16.0,18,3,6970
34,1,1,1,34000,15.5,14,0,6662
36,0,0,3,4200,17.0,5,33,7072
29,0,1,4,15400,11.0,28,0,2614
33,0,1,2,5500,15.0,2,0,5432
24,0,1,0,11500,6.0,8,0,2972
34,0,1,0,9000,15.5,4,33,4715
34,1,1,0,16000,10.0,5,0,4408
26,0,1,0,13800,8.0,20,27,5638
29,0,1,0,11800,6.0,3,29,5638
34,0,1,2,13500,7.0,6,27,3485
34,1,0,0,12000,3.5,12,7,3690
35,0,0,1,6000,16.0,2,0,6252
26,0,1,0,10500,5.0,26,84,5638
47,0,0,2,7900,14.5,6,67,2870
38,1,0,1,13500,15.0,16,0,2152
32,0,1,0,15500,9.5,5,0,5330
22,1,1,1,7000,3.0,20,43,4168
54,0,1,0,13000,25.0,28,0,3280
24,1,0,1,6500,6.0,17,0,3331
26,1,0,0,7000,8.0,15,28,5535
32,0,1,0,23000,12.5,22,31,3382
26,0,1,0,16000,8.0,15,27,6868
40,1,1,1,8500,19.0,3,0,5638
37,0,1,0,9500,15.0,31,0,2562
28,0,0,2,15500,10.0,19,23,6662
31,0,1,1,5900,13.0,7,0,3485
59,0,1,1,10000,19.0,11,40,3331
35,0,1,1,33500,16.5,25,35,5740
32,1,0,2,14500,11.5,3,0,3126
46,1,1,1,7900,2.5,11,0,5672
32,0,0,1,18700,14.0,2,0,3998
32,0,0,1,10000,12.5,32,39,2152
24,0,0,1,7000,6.0,2,0,7790
24,0,1,1,13500,6.0,6,0,1794
35,0,0,1,27000,7.0,27,0,2562
38,0,0,2,9700,12.5,25,0,3007
39,1,0,2,2100,19.0,9,35,2101
34,0,1,2,9700,11.0,15,0,3280
34,0,0,2,31500,16.0,5,36,2358
34,0,0,1,26000,16.0,5,40,6662
37,0,0,0,27000,6.0,13,0,2306
35,0,1,1,9500,2.5,2,8,1794
50,0,1,3,32500,19.5,2,0,6150
34,0,1,1,11000,14.0,2,0,7380
34,0,0,0,6200,15.5,32,38,4408
32,1,0,1,5500,12.0,26,39,1948
27,1,0,2,19500,9.0,22,0,9840
23,1,1,2,15500,5.0,7,70,6868
34,0,1,4,34500,16.0,18,0,3485
31,0,1,1,8500,10.0,8,50,3485
29,1,1,1,30500,5.5,26,32,4168
55,0,0,0,4500,8.0,50,0,2716
30,1,0,1,12000,12.0,9,4,4168
36,0,1,1,21500,17.5,5,25,5022
25,0,0,1,16000,7.0,9,0,2118
55,0,0,1,13700,6.5,21,27,1794
26,1,1,1,5200,8.0,12,4,6868
32,1,0,1,10000,6.0,16,0,4373
37,0,1,1,9500,19.0,23,0,4612
32,0,1,1,8500,14.0,28,0,2101
33,1,0,2,12000,15.0,3,40,4510
38,1,0,0,13600,19.0,23,34,1332
35,0,1,0,5200,16.5,4,41,1982
40,0,1,1,18000,19.5,8,27,4202
58,0,1,0,12600,15.0,6,0,2511
34,1,1,2,21500,16.0,32,41,2118
39,0,1,2,7000,20.5,5,0,4920
39,1,1,0,17500,21.0,6,0,3331
44,1,0,1,12800,21.5,11,40,6252
39,1,1,1,14600,17.0,39,0,3998
33,1,1,1,31500,15.0,8,29,1691
31,0,1,2,21000,12.0,18,32,4715
40,0,0,1,27500,18.0,24,0,3622
26,1,1,0,4700,8.0,3,34,2306
37,0,1,1,12500,15.5,6,18,2409
37,1,1,1,29500,9.0,26,0,3075
33,1,0,1,11000,12.5,5,0,3178
37,1,1,4,8000,7.0,2,0,7790
26,0,0,0,10500,8.0,22,39,6355
37,0,1,0,6000,16.0,3,0,3553
22,1,0,0,13000,4.0,5,54,3417
33,1,0,2,7000,15.0,29,50,3622
30,1,1,0,9500,12.0,2,0,4100
33,0,1,1,5600,2.0,3,26,2323
47,1,1,1,4300,3.0,3,0,2409
35,0,0,2,17700,16.0,5,35,6458
40,1,1,1,6000,15.5,24,0,4612
40,0,1,2,11000,17.5,13,29,2101
31,0,1,1,20800,7.5,30,0,4032
31,0,1,1,14000,13.0,5,31,2733
55,0,1,0,27500,9.0,32,5,3690
38,0,0,0,8000,14.5,2,43,5228
38,1,1,0,12500,14.5,11,24,3178
36,0,1,1,9000,13.0,16,0,1589
34,1,1,1,9500,15.5,19,33,4100
39,0,0,1,16500,6.5,35,0,7175
31,1,1,0,9000,5.0,4,56,5535
36,0,1,1,12000,17.0,5,26,4408
23,0,1,1,4500,5.0,23,31,2972
35,0,1,1,15500,6.5,20,38,3485
37,1,0,0,5500,16.0,20,0,4202
32,0,1,0,22500,10.0,18,0,1025
40,0,1,2,12000,21.5,7,0,3998
53,0,1,1,15500,23.0,25,26,6765
28,0,0,1,9000,10.0,26,76,6662
35,0,0,1,20000,15.0,14,0,3280
33,0,0,0,12000,15.0,3,35,3741
51,1,1,1,17000,5.0,33,31,7278
30,1,1,0,22500,12.0,30,26,3485
23,0,1,0,11000,5.0,17,0,3827
35,0,1,2,10500,15.5,9,33,2528
36,0,1,0,10600,17.0,17,27,3690
39,0,1,1,19500,4.0,2,0,3024
34,0,1,1,13500,6.0,3,0,3758
30,1,0,3,6500,12.0,7,31,4032
38,0,0,0,13500,17.0,13,10,5740
33,0,1,2,14900,15.0,33,0,5022
22,0,1,1,30500,4.0,21,30,5125
52,0,1,0,10500,33.5,40,28,3588
35,1,0,1,11500,2.0,4,0,4442
29,1,1,1,22700,11.0,12,0,5330
48,0,0,2,24000,22.0,40,40,1845
40,0,0,0,6500,21.5,21,37,2802
34,1,0,1,11500,15.5,7,0,1948
27,1,1,0,12500,9.0,21,25,8098
37,0,0,2,6000,19.0,11,0,3007
36,0,0,0,6500,17.5,6,0,3588
28,0,0,0,26500,7.5,7,0,6458
46,0,1,1,12500,16.0,7,33,5535
37,0,0,2,9000,16.0,4,41,3553
28,0,1,1,36200,10.0,7,26,2204
37,1,1,2,23300,2.0,34,0,5330
22,1,0,0,15300,2.0,21,0,3280
39,0,0,4,13400,18.5,2,30,7278
28,0,1,1,6000,10.0,18,0,4715
37,1,0,1,33500,11.0,26,0,6662
32,0,0,0,13600,14.0,5,0,2921
39,0,0,0,14000,11.0,2,36,3178
36,1,0,0,28000,18.0,2,32,3895
30,1,1,1,9500,12.0,16,0,6048
35,1,0,0,17600,15.5,26,28,4612
29,0,1,1,28000,11.0,4,0,5022
36,1,0,1,9000,16.0,9,0,7482
32,0,1,0,14300,9.0,7,40,2050
38,0,0,1,11000,20.0,13,10,4100
38,0,1,2,12000,16.0,4,36,4510
53,0,0,0,12100,31.5,38,0,6355
40,0,1,2,22600,16.5,3,0,4920
38,0,0,1,29500,8.5,35,0,3382
36,0,1,0,3200,10.5,13,0,6252
26,0,0,1,6000,8.0,8,0,5945
32,1,1,1,27000,14.0,2,0,3792
31,1,1,0,9000,8.5,17,43,5945
39,1,0,1,8000,6.0,8,0,4818
27,0,1,0,6500,9.0,23,0,4818
39,0,0,1,12500,15.0,7,0,6252
28,0,1,1,16500,10.0,3,38,4442
32,0,1,1,2300,14.0,8,53,5125
33,0,1,0,6000,15.0,2,33,5842
37,0,1,2,29000,12.0,6,0,4612
25,1,1,0,11500,7.0,16,0,4408
53,0,0,0,17300,21.5,37,36,974
40,1,1,0,8500,8.5,6,42,2460
40,1,0,0,12000,20.5,8,0,5125
29,1,0,1,14700,11.0,11,4,5228
40,0,0,4,5000,14.0,5,36,3895
35,0,0,1,7000,16.0,5,36,4168
33,0,1,1,13500,12.5,29,0,7175
39,1,1,1,13700,19.0,10,44,2870
37,1,1,0,10500,18.0,6,0,3895
22,1,0,0,13500,4.0,20,0,3553
34,0,0,0,14500,9.0,3,0,2050
29,0,1,2,12500,3.5,15,0,1794
39,0,0,1,15500,19.0,2,39,4100
39,1,1,0,23500,9.0,4,0,5672
25,0,1,0,8000,7.0,2,60,2562
22,0,1,1,31500,4.0,8,33,3998
45,0,1,2,11500,19.5,3,35,3485
29,0,0,1,10000,5.5,9,10,3212
37,0,1,3,21000,13.5,2,0,6765
37,1,1,1,30500,9.5,6,39,4612
32,0,1,2,27600,13.5,8,0,2358
40,0,1,1,7500,21.0,35,0,4373
36,0,0,0,10500,9.5,8,84,2255
25,0,1,0,18500,7.0,6,0,2921
36,0,1,1,12000,16.5,33,0,5842
36,1,0,1,10500,9.0,15,0,2118
34,1,1,1,14500,16.0,6,37,7175
30,1,1,1,11500,9.5,11,0,3639
35,0,0,1,8000,16.5,26,25,5740
33,0,1,2,36700,8.5,18,36,5945
34,1,0,0,4700,16.0,10,0,3417
35,1,0,1,9000,4.0,4,0,3588
53,0,1,0,17000,31.0,51,10,3588
34,1,0,0,11500,14.0,26,0,4818
34,1,1,1,7300,10.5,8,39,1076
27,0,1,0,8000,9.0,15,0,769
39,0,1,0,11400,17.5,6,0,4442
24,0,1,1,2100,6.0,12,27,1896
24,0,1,3,14500,6.0,3,0,1538
32,1,0,0,6500,14.0,29,0,3075
40,1,1,0,26800,20.0,5,45,2614
25,0,1,0,10500,7.0,2,0,4920
28,1,1,1,13500,10.0,9,39,1896
30,0,1,0,8000,12.0,4,0,5842
27,1,1,2,9500,9.0,7,0,4442
39,0,1,2,9500,17.0,8,32,2768
37,0,0,3,13000,13.5,21,0,7585
35,0,1,1,7000,15.5,32,0,6458
35,0,1,0,20100,8.0,3,0,6662
33,1,0,1,33500,13.5,4,0,4920
29,0,0,1,11500,4.0,24,39,3024
34,0,1,1,7500,15.5,2,0,3075
34,0,1,1,9500,16.0,34,23,5740
59,1,1,0,18100,15.0,2,30,2819
23,1,1,1,9800,5.0,12,32,3229
25,0,1,0,8500,7.0,25,30,2921
25,0,1,4,11000,7.0,7,0,5022
26,1,0,1,13500,8.0,7,0,4202
30,0,0,1,17000,12.0,8,0,5638
30,1,0,2,10500,12.0,8,0,6970
35,1,0,0,4500,16.0,33,0,1913
26,0,0,3,10500,8.0,2,34,1435
25,0,0,0,3200,3.5,4,24,6252
40,1,0,0,3000,9.0,3,0,3895
32,1,1,1,9000,14.0,8,0,7585
24,1,0,1,6500,6.0,2,83,2870
26,1,1,0,3800,3.0,3,39,3998
32,1,0,0,33000,14.0,26,0,4920
38,0,0,0,13500,14.0,38,59,6765
40,1,1,2,15500,17.0,2,0,7688
36,1,1,0,8900,16.5,19,0,1777
40,0,0,0,33000,7.0,40,0,4100
39,0,0,1,27100,19.5,13,0,5228
38,0,1,2,12000,17.5,19,0,2870
27,1,1,1,13500,9.0,19,67,3553
26,0,1,1,15500,8.0,5,0,2255
39,0,0,1,8500,17.0,10,0,2460
37,0,1,1,8500,18.5,2,42,3075
34,0,1,0,17300,16.0,13,0,2665
36,0,0,1,11600,18.0,13,0,4373
28,1,1,2,7900,10.0,7,0,3178
36,0,0,1,16000,13.5,19,39,6355
36,1,1,2,5500,4.5,32,0,4715
28,1,0,2,5000,10.0,7,12,4202
40,0,0,1,10500,16.5,27,0,3690
27,0,1,1,6600,9.0,2,0,3417
30,0,1,0,12500,8.0,4,35,2870
37,0,1,0,6500,8.5,4,0,3588
39,1,0,0,10000,18.5,9,40,1845
29,0,1,4,12000,11.0,10,0,6868
37,0,1,1,17500,12.5,8,0,5535
35,0,0,2,8000,17.0,24,0,3075
37,1,1,0,12600,12.0,5,0,4988
40,0,1,2,15500,19.0,10,0,6662
49,0,0,1,7500,27.0,3,37,6355
29,0,1,0,9500,11.0,3,67,6970
37,1,0,2,15800,9.0,10,0,5535
38,0,1,0,28500,12.5,19,40,4168
28,0,1,1,5100,2.5,7,25,2870
28,1,1,1,6000,10.0,6,0,1332
36,0,0,1,6000,9.5,8,15,2768
38,1,1,1,4500,13.0,13,0,2101
33,0,1,0,9500,15.0,15,0,5330
29,0,1,1,11000,11.0,29,38,5228
32,0,0,0,9500,10.5,8,0,4715
30,1,0,1,10000,12.0,11,0,5228
27,0,0,0,2300,6.5,27,0,4510
25,0,1,1,34500,7.0,16,69,6355
37,1,1,1,11000,6.5,10,0,6355
34,0,0,0,11000,16.0,2,41,1896
38,0,1,1,10500,20.0,21,0,3895
36,1,1,2,6500,18.0,30,0,5432
35,0,1,2,5000,15.5,17,39,3485
40,1,1,1,5400,12.5,17,0,4100
37,0,1,1,15500,19.0,2,7,3280
33,0,0,1,10700,15.0,3,24,4612
37,1,0,0,8000,18.0,2,0,4510
40,0,1,0,14000,16.5,7,0,5330
36,1,1,2,9000,15.5,8,39,2665
27,0,1,2,6000,9.0,11,0,5022
35,1,0,2,12000,15.5,2,0,3212
35,1,0,3,8500,12.0,23,0,5842
40,0,1,0,8000,15.0,8,0,4237
35,1,1,3,16000,9.0,18,30,2819
50,0,1,3,12500,19.5,12,30,2921
40,0,0,2,35000,4.0,7,33,3007
36,0,1,0,11500,8.5,2,4,3280
30,1,1,0,23500,11.0,8,21,1589
36,0,0,0,14000,8.5,4,0,4305
31,1,0,1,24500,11.0,8,33,2255
35,0,1,0,15500,17.0,32,0,3143
28,0,1,2,8000,10.0,7,0,3690
40,0,1,0,8600,19.0,7,0,5330
47,0,1,1,13000,23.0,2,0,3485
26,0,0,2,8700,8.0,5,0,5022
29,1,0,0,15500,7.5,12,40,1896
38,0,0,0,13200,19.5,37,7,10250
38,0,1,0,9500,14.5,13,0,6048
36,1,1,0,15000,16.5,17,32,3485
33,1,0,1,23500,15.0,2,0,3622
27,0,1,0,11000,9.0,7,0,6252
32,1,1,1,19500,14.0,4,41,2101
30,0,1,2,13500,12.0,3,32,2819
38,0,1,1,4900,14.5,38,36,6355
26,0,1,2,6400,8.0,5,0,3963
39,1,0,1,7500,8.5,15,0,4920
38,0,0,0,8000,16.5,2,10,9225
28,1,0,0,4000,10.0,2,0,3622
40,1,1,1,13500,15.0,16,36,3212
38,1,1,1,14000,3.5,14,28,6355
35,1,1,1,4500,6.5,29,0,1794
38,1,0,0,32500,8.0,6,0,2768
31,1,0,0,11000,13.0,25,33,5740
38,1,1,1,16000,3.5,15,0,3588
34,0,0,0,13500,4.0,20,0,2768
23,1,0,2,7000,5.0,23,0,1845
44,0,1,1,15500,21.5,3,0,1589
24,1,1,2,5200,4.0,24,0,3178
43,0,0,0,23800,10.5,3,25,3690
56,0,0,1,6500,18.5,4,44,2870
24,0,1,0,12500,6.0,13,0,5125
37,0,0,1,20000,9.5,8,0,3024
22,0,0,0,34000,4.0,19,33,2562
38,1,0,0,8000,18.0,26,0,2460
28,1,0,2,25000,7.0,15,0,4237
27,0,1,1,13500,5.5,5,0,6355
37,0,0,0,8000,17.5,5,0,6458
45,0,0,1,7500,26.0,33,43,3963
24,0,0,0,10500,6.0,3,0,5842
40,1,1,2,5500,17.5,18,4,3844
34,0,1,0,7500,11.5,8,36,4408
31,0,1,4,6200,4.5,28,0,4100
39,1,0,2,27500,5.0,38,0,2460
36,0,1,1,16000,16.5,31,79,3553
37,1,0,1,8500,13.0,22,0,4510
28,0,1,1,8800,10.0,13,0,1794
39,1,1,1,13000,20.5,21,0,3895
33,1,1,0,8500,15.0,31,0,4818
38,0,1,0,6000,16.0,2,0,2562
38,0,1,2,18500,20.0,3,31,4818
38,0,0,2,5100,16.5,13,37,4783
37,0,0,0,9500,16.0,7,33,5125
25,0,0,2,11000,7.0,8,0,2870
51,0,1,0,8200,14.0,27,36,3588
31,1,0,2,12000,13.0,7,35,3690
30,1,1,0,21000,12.0,3,24,4715
22,1,1,0,14000,4.0,3,34,4202
28,0,1,1,12000,10.0,26,31,4715
25,1,0,0,10000,7.0,3,13,6048
30,0,1,2,34500,4.0,23,0,2392
33,0,0,1,5000,15.0,7,0,4202
30,0,1,0,16900,12.0,19,0,6252
25,0,0,2,6000,7.0,21,0,2528
34,0,0,0,11300,15.5,34,21,3844
31,0,0,0,6500,13.0,13,0,1896
40,0,0,0,5000,17.5,23,0,4032
34,0,1,3,7500,16.0,6,0,6458
32,0,1,0,10500,14.0,32,0,2460
36,0,0,1,9000,16.5,2,39,3075
40,1,0,1,15400,21.0,4,33,3212
37,0,1,2,3800,16.5,23,0,1896
33,0,1,0,17500,8.0,2,0,5945
29,1,1,1,14500,11.0,27,47,1025
34,0,1,2,8800,16.0,3,12,2870
28,0,1,1,11000,10.0,26,0,2716
27,0,1,1,3400,5.0,2,30,4168
36,1,0,1,25500,17.5,16,0,5877
36,0,0,2,8500,17.5,24,73,5535
35,0,1,2,22000,16.0,26,30,6560
48,0,1,2,13000,9.5,17,4,4920
24,1,0,2,11500,6.0,2,0,3622
38,1,1,1,9000,15.0,2,0,3229
46,0,1,0,4500,25.5,2,34,1845
32,0,1,2,15500,10.0,8,0,6662
38,0,1,3,6500,20.0,37,0,3075
35,0,1,1,14000,16.0,14,0,2460
36,1,0,1,5500,10.0,32,0,5945
38,0,0,2,10000,10.0,30,0,4715
42,0,0,0,21000,20.0,11,0,4202
28,1,0,0,11500,10.0,18,84,7482
40,0,0,2,27000,12.5,5,0,5228
23,0,1,0,8500,3.5,2,0,2050
23,1,1,0,5000,5.0,5,0,2972
31,0,1,2,10500,13.0,26,0,5945
28,0,0,1,10000,10.0,18,11,1982
36,0,0,4,6500,2.5,32,0,2768
28,0,0,0,11500,10.0,9,0,4442
28,0,1,4,34500,10.0,8,33,5535
39,0,1,1,8800,12.0,34,0,4100
50,1,1,0,11000,4.5,29,32,7072
34,1,0,2,3200,13.5,34,36,4852
42,1,1,1,3200,10.5,6,28,3280
35,1,1,1,13800,16.0,2,47,2562
38,0,0,1,8500,20.0,23,0,4852
39,0,0,2,14000,19.5,29,0,5672
30,1,1,0,9500,12.0,24,0,5057
57,0,1,0,38700,13.0,3,0,4305
36,1,1,1,10300,11.0,18,0,7790
29,0,0,3,25500,11.0,8,30,3741
40,1,1,2,10000,18.0,31,0,3212
36,1,1,2,3800,8.5,6,40,1896
34,0,1,2,4000,16.0,9,33,4373
32,0,1,1,8500,14.0,3,29,2358
39,1,0,0,3400,17.0,26,0,6252
37,0,0,2,19500,18.0,31,43,3024
35,1,0,2,10600,16.0,5,0,4168
38,0,0,0,15000,19.0,20,33,7380
34,0,1,1,14200,16.0,29,34,3348
35,0,0,1,12500,16.0,13,36,2358
36,1,0,0,17500,7.5,3,27,4305
33,1,1,2,4000,15.0,15,0,3382
38,0,1,2,11000,4.5,8,24,6458
37,0,0,2,11000,11.0,3,0,9532
30,0,1,0,7500,12.0,2,0,3690
36,1,0,1,12000,18.0,24,25,5740
47,0,0,2,6500,9.5,3,0,2870
38,1,1,1,11000,18.5,32,0,3895
33,0,1,3,17900,11.0,6,0,1896
34,0,0,1,7300,12.5,2,0,5330
50,1,1,1,15500,16.5,13,0,3758
22,0,1,1,15500,4.0,21,0,1845
28,1,1,0,7500,10.0,15,0,2392
25,0,0,0,6500,7.0,12,30,4202
33,0,0,2,8000,15.0,2,0,3007
29,1,1,2,11500,9.5,2,0,2255
36,0,1,0,6900,10.5,5,0,2870
26,1,1,2,12500,8.0,24,0,2802
27,1,1,1,9000,9.0,4,0,3024
40,0,1,2,15500,19.0,9,0,5945
23,0,0,1,27000,5.0,8,0,4920
40,0,0,0,8500,15.5,10,25,1982
30,1,1,1,11500,1.5,2,0,2768
36,0,0,2,21500,17.5,12,39,3024
27,0,0,1,7500,9.0,3,0,3280
55,1,0,0,21100,20.0,31,8,5432
37,0,0,3,14000,7.0,17,23,4305
30,0,1,0,10500,12.0,3,36,3434
38,1,0,1,10000,15.5,4,0,1025
39,0,0,2,25900,1.5,7,31,3212
34,0,1,2,23900,16.0,11,46,4818
38,0,0,1,11500,20.0,5,0,3348
40,1,1,1,27500,9.0,34,0,3690
35,0,1,1,3800,16.0,4,39,5125
33,1,1,1,5400,14.0,30,0,3553
24,0,0,0,6000,6.0,5,23,3143
28,1,0,2,29300,9.0,5,35,2768
28,0,1,0,14500,4.0,28,0,6355
29,0,1,1,26500,11.0,28,0,3417
41,0,1,2,29800,13.5,28,0,3895
38,0,1,0,13000,16.5,18,61,6252
39,1,1,2,12900,16.0,2,34,6662
36,1,1,2,28000,18.0,6,0,4920
34,0,0,2,13200,15.5,24,78,3963
33,0,0,1,11500,15.0,26,40,2511
40,0,1,1,4100,18.5,22,0,2255
43,0,0,2,12000,15.5,31,12,6458
39,0,0,1,13900,11.0,21,0,4202
27,0,1,2,7500,6.0,6,0,4202
36,0,0,2,6500,16.5,18,0,6048
38,0,0,2,9500,13.5,7,32,4612
36,0,0,1,7200,12.0,3,0,4237
43,0,1,1,33700,19.5,31,0,5125
30,0,0,1,10000,12.0,13,36,2938
28,1,0,1,3800,10.0,8,44,4100
35,0,0,1,4500,16.0,33,0,2972
28,1,0,1,15000,3.0,13,0,922
28,0,1,2,17500,10.0,27,0,3639
31,1,1,0,33500,9.5,28,0,4408
26,1,1,3,8500,8.0,5,0,3178
39,0,1,0,7500,16.5,14,26,3075
35,1,0,1,10500,16.5,8,0,3998
37,0,1,1,27200,11.0,4,0,2255
32,0,0,1,21500,14.0,2,0,3998
46,1,1,2,8500,20.0,8,0,3348
58,1,1,2,13200,20.0,2,10,1845
37,0,0,1,31000,18.0,37,0,5535
36,1,1,2,13900,16.0,16,27,6048
33,0,1,0,15500,12.5,10,0,2392
25,0,0,1,16000,6.0,11,0,6868
36,0,1,1,14000,10.0,30,0,5228
30,1,0,1,10500,12.0,5,0,3348
37,1,1,2,11100,19.0,3,0,5432
29,1,0,0,23000,11.0,8,0,4373
37,0,0,1,14000,6.0,3,0,3792
26,0,1,0,17000,8.0,21,0,2255
39,0,1,2,15500,12.5,2,0,3143
23,0,1,2,9000,5.0,21,40,3280
36,0,1,1,5500,10.5,6,0,5022
49,1,1,0,11000,27.0,4,32,4510
37,0,0,0,18200,17.5,36,0,3382
23,0,1,1,7500,5.0,17,39,6355
37,0,1,1,7500,12.5,22,0,5842
35,0,1,2,6000,11.5,14,0,5330
38,0,0,1,13500,10.5,38,0,3485
37,0,1,2,35000,17.5,31,0,3485
24,0,0,2,5500,6.0,10,0,2921
32,0,1,0,4000,14.0,3,0,2665
36,0,1,0,13200,11.5,7,31,2819
26,0,1,0,14200,8.0,20,27,5432
36,0,0,1,9500,16.0,2,0,2972
39,0,0,0,7600,19.0,6,0,3007
57,0,1,1,11500,29.0,33,0,3229
38,1,1,0,10500,16.5,11,9,4510
39,0,0,0,11500,19.5,7,37,5535
40,1,1,4,7500,14.0,26,0,2716
36,0,0,3,10500,17.5,33,3,2323
32,0,1,2,17800,14.0,24,84,5842
27,0,0,0,12000,6.0,27,0,3690
30,0,0,1,21000,6.0,5,0,2614
35,1,1,0,7000,15.5,30,41,4100
34,1,0,2,6900,16.0,7,37,6868
32,0,1,2,8000,14.0,5,0,1948
34,0,1,1,7500,3.5,7,0,5432
36,0,1,2,8000,12.0,28,0,5022
33,0,0,0,32000,15.0,17,0,7278
35,1,1,1,7500,6.5,35,36,3024
30,0,1,0,23000,12.0,8,30,6458
55,0,1,1,5500,11.5,35,28,3382
38,0,1,0,8000,18.5,33,0,3229
37,0,1,0,17000,13.5,6,0,3143
38,1,1,0,6000,11.5,7,9,3280
30,1,1,1,10700,12.0,18,0,3690
34,1,0,1,12000,16.0,5,0,6150
33,1,0,2,20500,15.0,21,37,1025
32,1,1,1,7500,14.0,17,0,5740
30,0,1,2,6000,9.5,13,0,3417
25,0,0,1,12000,7.0,6,0,2255
29,1,1,2,10000,11.0,13,0,4305
35,1,1,1,9500,8.5,16,0,4408
54,0,0,0,27500,20.5,2,0,1162
45,1,1,2,20500,23.0,3,0,5125
39,0,0,1,14000,20.5,4,0,7175
34,0,0,2,12500,6.0,7,41,4408
38,0,1,0,15000,17.0,24,13,5022
23,0,1,2,11500,5.0,17,68,2255
29,0,1,2,25400,11.0,8,79,7175
34,1,0,0,14500,16.0,9,0,5228
25,0,1,2,13000,6.0,3,0,3007
37,1,1,1,3600,8.0,15,0,2409
38,1,1,2,16500,14.5,5,30,6458
39,0,0,0,13000,21.0,3,12,8918
36,0,0,0,14000,13.5,33,0,3792
40,1,1,0,12000,18.5,7,27,3690
32,0,1,2,9000,13.5,7,0,5638
34,0,1,0,15500,16.0,2,36,1691
40,0,1,0,13500,8.0,6,0,4612
33,1,0,1,10500,15.0,3,0,2716
53,0,0,0,10800,15.5,4,41,7995
35,0,0,2,6000,15.5,2,41,3963
40,0,0,1,4700,20.5,36,56,1845
26,1,0,1,15500,2.5,2,0,1845
30,0,1,0,12000,10.0,5,0,3690
52,1,0,0,16900,26.0,23,0,6048
37,0,0,0,5300,10.0,30,33,5432
39,0,1,1,13500,17.0,6,0,2460
59,1,0,1,10500,25.5,16,0,3143
36,0,0,1,14500,17.5,19,0,4852
39,1,1,1,34500,14.0,3,0,5638
30,1,0,2,13000,5.0,21,0,2716
37,1,1,0,15500,19.0,18,13,6048
24,0,1,1,12500,6.0,14,0,2101
30,1,1,3,12400,12.0,2,0,2306
26,1,1,1,15000,8.0,4,0,1281
37,0,0,1,17000,8.0,3,0,2972
43,1,0,2,39200,21.5,26,30,2392
51,0,1,1,24700,11.5,44,0,1845
40,1,0,2,11000,18.0,6,0,2768
40,0,0,1,5500,8.5,11,0,3553
31,0,0,1,23500,13.0,29,36,6150
34,1,0,2,5500,15.5,5,0,2460
32,1,1,1,9500,14.0,31,0,3792
38,1,1,2,32000,20.0,4,0,2972
35,0,1,1,12500,16.0,10,0,4305
27,0,1,1,4000,9.0,6,0,4305
31,1,1,1,11400,12.5,3,35,5842
26,1,1,1,14000,8.0,4,0,4612
30,0,1,0,19200,12.0,3,26,2733
57,0,1,0,7500,28.0,17,34,3758
30,0,1,1,34500,12.0,12,30,5022
40,1,1,3,12000,11.0,32,3,6662
35,0,1,0,8500,16.0,22,30,5535
32,0,1,0,26500,14.0,4,0,4988
35,0,1,2,8500,17.0,3,0,1538
32,1,1,0,11000,14.0,31,0,3212
35,1,1,1,39600,15.5,7,61,5125
29,1,0,0,32500,8.0,4,0,2614
36,0,1,0,21500,15.5,18,0,4100
35,0,1,0,15500,17.0,25,33,4818
26,0,1,2,3800,8.0,6,0,6970
31,0,0,1,15000,11.0,5,40,2101
32,1,1,1,7000,13.0,24,38,2460
39,0,1,0,10500,17.0,7,36,3690
39,0,1,3,9500,20.5,11,36,4818
29,0,1,0,7500,10.0,6,31,4818
36,0,1,2,12100,15.5,5,34,3963
33,0,0,2,4500,15.0,4,26,2562
37,0,0,2,7500,16.5,4,7,5740
58,0,1,0,9500,21.0,5,9,3178
22,0,1,0,10000,3.0,22,29,2870
32,1,0,0,9100,10.0,8,31,2819
23,0,1,0,14500,5.0,23,0,5432
39,0,1,1,17000,18.5,3,0,6765
37,0,1,1,7500,11.0,36,0,4612
37,0,1,2,11500,14.0,6,0,4818
22,0,1,1,4000,3.0,20,21,6252
36,0,1,0,8500,8.0,3,29,3382
33,0,1,0,6500,13.5,33,87,2358
29,0,1,2,12500,11.0,23,33,3690
39,1,1,1,7000,21.0,4,0,5842
31,1,0,4,10200,10.5,3,0,3588
27,0,0,0,12000,7.5,3,27,7688
31,1,1,2,9000,13.0,3,41,5022
53,1,0,1,4000,27.0,39,0,2938
24,1,0,2,11500,6.0,21,0,6252
37,1,0,1,13400,16.0,19,0,2768
31,0,1,1,21500,13.0,27,0,3690
40,0,1,2,11000,11.0,3,0,3485
40,1,1,2,7800,18.5,3,0,3382
36,1,1,2,10000,16.5,29,0,3485
38,0,1,1,12000,8.0,6,0,5330
38,1,0,1,5500,16.0,35,0,3348
33,1,1,1,9500,11.5,30,0,5330
24,0,1,1,10500,6.0,24,0,2665
34,1,1,1,14000,12.5,3,33,3622
27,0,0,1,11400,9.0,8,0,5022
28,0,1,0,13500,10.0,4,90,5638
32,0,1,1,10500,11.0,16,30,3639
38,0,0,1,23200,15.0,8,27,1896
24,0,0,1,7500,6.0,6,33,3075
37,1,1,1,15500,9.0,31,0,6048
25,0,0,0,10000,7.0,3,0,6662
46,0,1,1,9000,16.0,28,0,718
28,0,0,2,8500,10.0,17,0,7072
29,1,1,0,8000,11.0,6,27,2358
25,0,1,1,7500,7.0,9,35,3792
26,0,1,0,12100,8.0,6,0,3024
33,0,1,1,9000,15.0,2,0,3792
35,1,0,2,11500,8.0,31,44,1589
27,0,1,0,15500,9.0,16,41,5842
